QuickBizFund x Smartlead - 2 Month Cold Email Model (edit the INPUT rows 4-10; formulas auto-calculate in Google Sheets / Excel)
,ITEM,Conservative,Base,Optimistic
INPUT,Emails sent per month,10000,10000,10000
INPUT,Delivery rate,0.97,0.98,0.98
INPUT,Reply rate,0.005,0.009,0.015
INPUT,Positive share of replies,0.25,0.25,0.30
INPUT,Positive -> Qualified lead,0.50,0.50,0.50
INPUT,Qualified -> Application,0.40,0.40,0.40
INPUT,Application -> Funded,0.20,0.20,0.20
RESULT,Delivered,=C4*C5,=D4*D5,=E4*E5
RESULT,Replies,=C11*C6,=D11*D6,=E11*E6
RESULT,Positive replies,=C12*C7,=D12*D7,=E12*E7
RESULT,Qualified leads per month,=C13*C8,=D13*D8,=E13*E8
RESULT,Applications per month,=C14*C9,=D14*D9,=E14*E9
RESULT,Funded deals per month,=C15*C10,=D15*D10,=E15*E10
TARGET,Emails needed for 5 qualified leads per month,=5/(C5*C6*C7*C8),=5/(D5*D6*D7*D8),=5/(E5*E6*E7*E8)
TARGET,Qualified leads per month at 20000 sends,=C14*2,=D14*2,=E14*2
,,,
SECTION,COST PER LEAD,Conservative,Base,Optimistic
COST,Monthly spend at full volume (USD),221,621,1350
COST,Qualified leads per month,=C14,=D14,=E14
COST,Cost per qualified lead (USD),=C21/C22,=D21/D22,=E21/E22
COST,Cost per qualified lead (BDT),=C23*122.7,=D23*122.7,=E23*122.7
,,,
SECTION,2-MONTH BUDGET SUMMARY,Month 1 (USD),Month 2 (USD),Total (USD)
A - LEAN,Domains 6 x yearly,66,0,=C27+D27
A - LEAN,Mailboxes 15 x 5 USD,75,75,=C28+D28
A - LEAN,Smartlead Pro,94,94,=C29+D29
A - LEAN,Email verification,55,37,=C30+D30
A - LEAN,Misc,15,15,=C31+D31
A - LEAN,SUBTOTAL,=SUM(C27:C31),=SUM(D27:D31),=C32+D32
A - LEAN,SUBTOTAL in BDT,,,=E32*122.7
,,,
SECTION,B - RECOMMENDED,Month 1 (USD),Month 2 (USD),Total (USD)
B - RECOMMENDED,Domains 6 x yearly,66,0,=C36+D36
B - RECOMMENDED,Mailboxes 15 x 6.5 USD,97,97,=C37+D37
B - RECOMMENDED,Smartlead Pro,94,94,=C38+D38
B - RECOMMENDED,Email verification,74,55,=C39+D39
B - RECOMMENDED,Data top-up,100,100,=C40+D40
B - RECOMMENDED,VA / closer US hours,250,250,=C41+D41
B - RECOMMENDED,Misc + compliance review,25,25,=C42+D42
B - RECOMMENDED,SUBTOTAL,=SUM(C36:C42),=SUM(D36:D42),=C43+D43
B - RECOMMENDED,SUBTOTAL in BDT,,,=E43*122.7
,,,
SECTION,C - SCALE MONTH 3+,Per month (USD),,
C - SCALE,Mailboxes + domains 30 boxes / 12 domains,210,,
C - SCALE,Smartlead Unlimited Smart,174,,
C - SCALE,Verification + data,375,,
C - SCALE,VA / closer full-time,600,,
C - SCALE,SUBTOTAL per month,=SUM(C47:C50),,
C - SCALE,SUBTOTAL in BDT,=C51*122.7,,
,,,
SECTION,KEY RULES,,,
RULE,Cold emails per mailbox per day,25-30,,
RULE,Emails per domain per day,80-100,,
RULE,Max emails per contact in 14 days,4,,
RULE,To reach 4-5 FUNDED deals per month,50000+ emails/month,75 mailboxes + 25 domains,USD 1500-2500
RULE,BDT rate 02 Oct 2026,122.7,,
